instance,n_K,n_C,n_S,n_D,B,tier_used,rev_total,heur_profit,heur_runtime,heur_feasible,greedy_profit,greedy_runtime,greedy_feasible,ub_profit,ub_runtime,ub_status,opt_profit,opt_runtime,opt_status,n_accepted_h,n_accepted_g,n_upgrades_h,n_upgrades_g,scenario,block,seed,gap_to_opt_rel,gap_to_opt_greedy_rel,gap_to_ub_rel,gap_to_ub_greedy_rel,share_vs_greedy,heur_minus_greedy,heur_accept_rate,heur_upgrade_rate
S1_baseline_00.txt,18,6,4,3,900,1,55000,16900,0.0116806030273437,True,-21200,0.0,True,55000.0,0.0,trivial,16900.0,0.0056278705596923,optimal,13,13,0,6,S1_baseline,A,20910511,0.0,0.30023640661938533,0.2309090909090909,0.4618181818181818,0.5,38100,0.7222222222222222,0.0
S1_baseline_01.txt,18,6,4,3,900,1,39100,25600,0.0115091800689697,True,21100,0.0,True,39100.0,0.0,trivial,25600.0,0.0071604251861572,optimal,15,15,1,1,S1_baseline,A,20910512,0.0,0.04335260115606936,0.11508951406649616,0.1534526854219949,0.25,4500,0.8333333333333334,0.06666666666666667
S1_baseline_02.txt,18,6,4,3,900,1,66400,15400,0.0074398517608642,True,15400,0.0,True,15400.0,0.0211544036865234,ok,15400.0,0.012510061264038,optimal,13,13,1,1,S1_baseline,A,20910513,0.0,0.0,0.0,0.0,,0,0.7222222222222222,0.07692307692307693
S1_baseline_03.txt,18,6,4,3,900,1,78400,39400,0.009249210357666,True,26800,0.0012233257293701,True,74800.0,0.0030741691589355,ok,39400.0,0.0051937103271484,optimal,13,13,2,3,S1_baseline,A,20910514,0.0,0.06422018348623854,0.15284974093264247,0.20725388601036268,0.2625,12600,0.7222222222222222,0.15384615384615385
S1_baseline_04.txt,18,6,4,3,900,1,53200,38500,0.0162653923034667,True,28600,0.0,True,50200.0,0.0021533966064453,ok,38500.0,0.0128653049468994,optimal,13,15,5,5,S1_baseline,A,20910515,0.0,0.06832298136645963,0.07471264367816093,0.13793103448275862,0.4583333333333333,9900,0.7222222222222222,0.38461538461538464
S1_baseline_05.txt,18,6,4,3,900,1,41600,36200,0.009153127670288,True,27200,0.0,True,41600.0,0.0,trivial,36200.0,0.0167295932769775,optimal,16,16,5,3,S1_baseline,A,20910516,0.0,0.07537688442211055,0.04326923076923077,0.11538461538461539,0.625,9000,0.8888888888888888,0.3125
S1_baseline_06.txt,18,6,4,3,900,1,79900,1900,0.0115654468536376,True,-11300,0.0,True,13900.0,0.0020153522491455,ok,1900.0,0.006664752960205,optimal,13,12,3,2,S1_baseline,A,20910517,0.0,0.08163265306122448,0.0690846286701209,0.14507772020725387,0.5238095238095238,13200,0.7222222222222222,0.23076923076923078
S1_baseline_07.txt,18,6,4,3,900,1,81400,2500,0.0114169120788574,True,-59600,0.0,True,34000.0,0.0030970573425292,ok,2500.0,0.0065736770629882,optimal,11,11,1,5,S1_baseline,A,20910518,0.0,0.37568058076225047,0.1600609756097561,0.47560975609756095,0.6634615384615384,62100,0.6111111111111112,0.09090909090909091
S1_baseline_08.txt,18,6,4,3,900,1,67500,18600,0.0069496631622314,True,-4200,0.0009996891021728,True,57600.0,0.0022125244140625,ok,18600.0,0.0060288906097412,optimal,12,11,3,2,S1_baseline,A,20910519,0.0,0.1484375,0.20249221183800623,0.32087227414330216,0.36893203883495146,22800,0.6666666666666666,0.25
S1_baseline_09.txt,18,6,4,3,900,1,32700,30900,0.0076994895935058,True,24300,0.0,True,32700.0,0.0,trivial,30900.0,0.0071523189544677,optimal,17,16,3,3,S1_baseline,A,20910520,0.0,0.06853582554517133,0.01834862385321101,0.0856269113149847,0.7857142857142857,6600,0.9444444444444444,0.17647058823529413
S1_baseline_10.txt,18,6,4,3,900,1,36500,20300,0.023688793182373,True,4100,0.0,True,33500.0,0.0029995441436767,ok,20300.0,0.0412220954895019,optimal,14,12,3,0,S1_baseline,A,20910521,0.0,0.17363344051446947,0.12394366197183099,0.27605633802816903,0.5510204081632653,16200,0.7777777777777778,0.21428571428571427
S1_baseline_11.txt,18,6,4,3,900,1,73500,13500,0.0086312294006347,True,-7200,0.0,True,42000.0,0.0020115375518798,ok,13500.0,0.0074083805084228,optimal,14,13,2,0,S1_baseline,A,20910522,0.0,0.12897196261682242,0.15079365079365079,0.26031746031746034,0.42073170731707316,20700,0.7777777777777778,0.14285714285714285
S1_baseline_12.txt,18,6,4,3,900,1,43600,37000,0.0265536308288574,True,22000,0.0,True,43600.0,0.0,trivial,37000.0,0.0142872333526611,optimal,15,16,5,6,S1_baseline,A,20910523,0.0,0.12077294685990338,0.05045871559633028,0.1651376146788991,0.6944444444444444,15000,0.8333333333333334,0.3333333333333333
S1_baseline_13.txt,18,6,4,3,900,1,54100,45700,0.0196626186370849,True,35500,0.0,True,54100.0,0.0,trivial,45700.0,0.0351183414459228,optimal,15,15,3,4,S1_baseline,A,20910524,0.0,0.06627680311890838,0.051756007393715345,0.11460258780036968,0.5483870967741935,10200,0.8333333333333334,0.2
S1_baseline_14.txt,18,6,4,3,900,1,57000,-12000,0.0062842369079589,True,-13500,0.0013031959533691,True,1500.0,0.0020105838775634,ok,-12000.0,0.005232810974121,optimal,11,11,1,1,S1_baseline,A,20910525,0.0,0.014705882352941176,0.11688311688311688,0.12987012987012986,0.1,1500,0.6111111111111112,0.09090909090909091
S1_baseline_15.txt,18,6,4,3,900,1,54800,40700,0.0084462165832519,True,2600,0.0010054111480712,True,54800.0,0.0010006427764892,trivial,40700.0,0.0108342170715332,optimal,14,12,5,2,S1_baseline,A,20910526,0.0,0.25349301397205587,0.08576642335766424,0.3175182481751825,0.7298850574712644,38100,0.7777777777777778,0.35714285714285715
S1_baseline_16.txt,18,6,4,3,900,1,39400,21400,0.0104503631591796,True,17200,0.0,True,39400.0,0.0010445117950439,trivial,21400.0,0.0115857124328613,optimal,14,14,7,3,S1_baseline,A,20910527,0.0,0.041916167664670656,0.15228426395939088,0.18781725888324874,0.1891891891891892,4200,0.7777777777777778,0.5
S1_baseline_17.txt,18,6,4,3,900,1,65600,56000,0.0091986656188964,True,32600,0.0010080337524414,True,62000.0,0.0020003318786621,ok,56000.0,0.0050008296966552,optimal,15,15,4,5,S1_baseline,A,20910528,0.0,0.125,0.031055900621118012,0.15217391304347827,0.7959183673469388,23400,0.8333333333333334,0.26666666666666666
S1_baseline_18.txt,18,6,4,3,900,1,70200,15900,0.0082752704620361,True,-18000,0.0,True,41100.0,0.0019998550415039,ok,15900.0,0.0059995651245117,optimal,13,12,2,3,S1_baseline,A,20910529,0.0,0.21689059500959693,0.13884297520661157,0.3256198347107438,0.5736040609137056,33900,0.7222222222222222,0.15384615384615385
S1_baseline_19.txt,18,6,4,3,900,1,68900,44000,0.0104572772979736,True,32900,0.0012261867523193,True,60200.0,0.003000259399414,ok,44000.0,0.0065124034881591,optimal,14,16,1,2,S1_baseline,A,20910530,0.0,0.06105610561056106,0.08181818181818182,0.13787878787878788,0.4065934065934066,11100,0.7777777777777778,0.07142857142857142
S1_baseline_20.txt,18,6,4,3,900,1,31700,7100,0.0181012153625488,True,2300,0.0,True,31700.0,0.0,trivial,7100.0,0.0089998245239257,optimal,14,14,5,7,S1_baseline,A,20910531,0.0,0.06808510638297872,0.2586750788643533,0.30914826498422715,0.16326530612244897,4800,0.7777777777777778,0.35714285714285715
S1_baseline_21.txt,18,6,4,3,900,1,40500,33000,0.0070002079010009,True,17100,0.0,True,40500.0,0.0,trivial,33000.0,0.0093801021575927,optimal,16,14,3,2,S1_baseline,A,20910532,0.0,0.1394736842105263,0.06172839506172839,0.1925925925925926,0.6794871794871795,15900,0.8888888888888888,0.1875
S1_baseline_22.txt,18,6,4,3,900,1,52800,36000,0.0259592533111572,True,18300,0.0,True,40800.0,0.0020003318786621,ok,36000.0,0.0120000839233398,optimal,15,15,2,2,S1_baseline,A,20910533,0.0,0.125,0.03278688524590164,0.15368852459016394,0.7866666666666666,17700,0.8333333333333334,0.13333333333333333
S1_baseline_23.txt,18,6,4,3,900,1,45600,20100,0.0069997310638427,True,8100,0.0009999275207519,True,20100.0,0.0020005702972412,ok,20100.0,0.0089995861053466,optimal,14,14,0,0,S1_baseline,A,20910534,0.0,0.1078167115902965,0.0,0.1078167115902965,1.0,12000,0.7777777777777778,0.0
S1_baseline_24.txt,18,6,4,3,900,1,59700,46800,0.0093379020690917,True,22800,0.0,True,59700.0,0.0,trivial,46800.0,0.0066502094268798,optimal,15,14,2,3,S1_baseline,A,20910535,0.0,0.1444043321299639,0.07202680067001675,0.20603015075376885,0.6504065040650406,24000,0.8333333333333334,0.13333333333333333
S2_skewed_levels_00.txt,18,6,4,3,900,1,41100,35700,0.0094592571258544,True,25200,0.0,True,41100.0,0.0,trivial,35700.0,0.0079998970031738,optimal,14,14,5,7,S2_skewed_levels,A,20911511,0.0,0.089058524173028,0.043795620437956206,0.12895377128953772,0.660377358490566,10500,0.7777777777777778,0.35714285714285715
S2_skewed_levels_01.txt,18,6,4,3,900,1,58600,32500,0.0109913349151611,True,100,0.0,True,40600.0,0.002000093460083,ok,32500.0,0.0070691108703613,optimal,12,13,3,3,S2_skewed_levels,A,20911512,0.0,0.21643286573146292,0.051330798479087454,0.25665399239543724,0.8,32400,0.6666666666666666,0.25
S2_skewed_levels_02.txt,18,6,4,3,900,1,48200,42800,0.0070064067840576,True,42800,0.0,True,48200.0,0.0009999275207519,trivial,42800.0,0.0079996585845947,optimal,16,16,5,4,S2_skewed_levels,A,20911513,0.0,0.0,0.03734439834024896,0.03734439834024896,0.0,0,0.8888888888888888,0.3125
S2_skewed_levels_03.txt,18,6,4,3,900,1,64200,49800,0.0299272537231445,True,24600,0.0,True,60600.0,0.0029997825622558,ok,49800.0,0.0671594142913818,optimal,13,15,3,5,S2_skewed_levels,A,20911514,0.0,0.1414141414141414,0.05714285714285714,0.19047619047619047,0.7,25200,0.7222222222222222,0.23076923076923078
S2_skewed_levels_04.txt,18,6,4,3,900,1,42000,37200,0.0093958377838134,True,33600,0.001009464263916,True,42000.0,0.0,trivial,37200.0,0.0060005187988281,optimal,16,16,7,5,S2_skewed_levels,A,20911515,0.0,0.0297029702970297,0.0380952380952381,0.06666666666666667,0.42857142857142855,3600,0.8888888888888888,0.4375
S2_skewed_levels_05.txt,18,6,4,3,900,1,36500,34700,0.0084517002105712,True,34100,0.0,True,36500.0,0.0,trivial,34700.0,0.0100002288818359,optimal,17,17,5,5,S2_skewed_levels,A,20911516,0.0,0.005571030640668524,0.01643835616438356,0.021917808219178082,0.25,600,0.9444444444444444,0.29411764705882354
S2_skewed_levels_06.txt,18,6,4,3,900,1,37100,23600,0.0050034523010253,True,18800,0.0,True,37100.0,0.0009999275207519,trivial,23600.0,0.0049996376037597,optimal,14,13,4,2,S2_skewed_levels,A,20911517,0.0,0.049079754601226995,0.12129380053908356,0.16442048517520216,0.26229508196721313,4800,0.7777777777777778,0.2857142857142857
S2_skewed_levels_07.txt,18,6,4,3,900,1,34800,28500,0.0129094123840332,True,19200,0.0,True,34800.0,0.0,trivial,28500.0,0.0096383094787597,optimal,16,14,8,6,S2_skewed_levels,A,20911518,0.0,0.09480122324159021,0.0603448275862069,0.14942528735632185,0.5961538461538461,9300,0.8888888888888888,0.5
S2_skewed_levels_08.txt,18,6,4,3,900,1,42800,41000,0.0191881656646728,True,40400,0.0,True,42800.0,0.0014839172363281,trivial,41000.0,0.0064165592193603,optimal,17,17,5,4,S2_skewed_levels,A,20911519,0.0,0.004739336492890996,0.014018691588785047,0.018691588785046728,0.25,600,0.9444444444444444,0.29411764705882354
S2_skewed_levels_09.txt,18,6,4,3,900,1,45500,38300,0.0086908340454101,True,37400,0.0,True,43700.0,0.0023536682128906,ok,38300.0,0.0087532997131347,optimal,15,15,5,6,S2_skewed_levels,A,20911520,0.0,0.0069605568445475635,0.0400890868596882,0.0467706013363029,0.14285714285714285,900,0.8333333333333334,0.3333333333333333
S2_skewed_levels_10.txt,18,6,4,3,900,1,52400,38000,0.0072851181030273,True,24800,0.0,True,52400.0,0.0,trivial,38000.0,0.0085160732269287,optimal,12,15,3,4,S2_skewed_levels,A,20911521,0.0,0.09243697478991597,0.0916030534351145,0.17557251908396945,0.4782608695652174,13200,0.6666666666666666,0.25
S2_skewed_levels_11.txt,18,6,4,3,900,1,34700,32000,0.0153110027313232,True,22700,0.0010068416595458,True,34700.0,0.0,trivial,32000.0,0.0082285404205322,optimal,17,16,11,8,S2_skewed_levels,A,20911522,0.0,0.09171597633136094,0.025936599423631124,0.11527377521613832,0.775,9300,0.9444444444444444,0.6470588235294118
S2_skewed_levels_12.txt,18,6,4,3,900,1,48300,29100,0.0214388370513916,True,-7800,0.0,True,45300.0,0.002012014389038,ok,29100.0,0.0257620811462402,optimal,14,12,5,5,S2_skewed_levels,A,20911523,0.0,0.2935560859188544,0.11416490486257928,0.37420718816067655,0.6949152542372882,36900,0.7777777777777778,0.35714285714285715
S2_skewed_levels_13.txt,18,6,4,3,900,1,35800,19000,0.0173292160034179,True,15400,0.0012669563293457,True,34000.0,0.0023310184478759,ok,19000.0,0.009545087814331,optimal,13,14,5,6,S2_skewed_levels,A,20911524,0.0,0.039735099337748346,0.14204545454545456,0.17613636363636365,0.1935483870967742,3600,0.7222222222222222,0.38461538461538464
S2_skewed_levels_14.txt,18,6,4,3,900,1,37300,30700,0.0089123249053955,True,30100,0.0,True,37300.0,0.0,trivial,30700.0,0.0060322284698486,optimal,15,16,5,5,S2_skewed_levels,A,20911525,0.0,0.005698005698005698,0.058981233243967826,0.064343163538874,0.08333333333333333,600,0.8333333333333334,0.3333333333333333
S2_skewed_levels_15.txt,18,6,4,3,900,1,37000,37000,0.0096063613891601,True,26800,0.0,True,37000.0,0.0010204315185546,trivial,37000.0,0.008033275604248,optimal,18,16,5,5,S2_skewed_levels,A,20911526,0.0,0.0918918918918919,0.0,0.0918918918918919,1.0,10200,1.0,0.2777777777777778
S2_skewed_levels_16.txt,18,6,4,3,900,1,65600,48200,0.0155539512634277,True,-15400,0.0,True,65600.0,0.0,trivial,48200.0,0.011500597000122,optimal,16,14,4,6,S2_skewed_levels,A,20911527,0.0,0.35451505016722407,0.08841463414634146,0.4115853658536585,0.7851851851851852,63600,0.8888888888888888,0.25
S2_skewed_levels_17.txt,18,6,4,3,900,1,47000,34400,0.0161273479461669,True,9200,0.001277208328247,True,41600.0,0.0024507045745849,ok,34400.0,0.0085895061492919,optimal,14,13,8,5,S2_skewed_levels,A,20911528,0.0,0.19626168224299065,0.05309734513274336,0.23893805309734514,0.7777777777777778,25200,0.7777777777777778,0.5714285714285714
S2_skewed_levels_18.txt,18,6,4,3,900,1,40400,35600,0.00742769241333,True,23600,0.0,True,40400.0,0.0010528564453125,trivial,35600.0,0.0127124786376953,optimal,15,14,6,4,S2_skewed_levels,A,20911529,0.0,0.10309278350515463,0.039603960396039604,0.13861386138613863,0.7142857142857143,12000,0.8333333333333334,0.4
S2_skewed_levels_19.txt,18,6,4,3,900,1,45600,35700,0.0184783935546875,True,16200,0.0014171600341796,True,45600.0,0.0,trivial,35700.0,0.0136942863464355,optimal,14,14,6,7,S2_skewed_levels,A,20911530,0.0,0.1536643026004728,0.07236842105263158,0.2149122807017544,0.6632653061224489,19500,0.7777777777777778,0.42857142857142855
S2_skewed_levels_20.txt,18,6,4,3,900,1,39300,18300,0.0309715270996093,True,8700,0.0,True,39300.0,0.0,trivial,18300.0,0.0227766036987304,optimal,13,12,6,6,S2_skewed_levels,A,20911531,0.0,0.09907120743034056,0.178117048346056,0.2595419847328244,0.3137254901960784,9600,0.7222222222222222,0.46153846153846156
S2_skewed_levels_21.txt,18,6,4,3,900,1,38600,26600,0.0105600357055664,True,17000,0.0009996891021728,True,38600.0,0.0,trivial,26600.0,0.0098557472229003,optimal,14,14,5,7,S2_skewed_levels,A,20911532,0.0,0.09248554913294797,0.10362694300518134,0.18652849740932642,0.4444444444444444,9600,0.7777777777777778,0.35714285714285715
S2_skewed_levels_22.txt,18,6,4,3,900,1,57300,55500,0.0081400871276855,True,50700,0.0,True,57300.0,0.0,trivial,55500.0,0.0063014030456542,optimal,17,16,7,4,S2_skewed_levels,A,20911533,0.0,0.02821869488536155,0.010471204188481676,0.038394415357766144,0.7272727272727273,4800,0.9444444444444444,0.4117647058823529
S2_skewed_levels_23.txt,18,6,4,3,900,1,36600,34800,0.0206701755523681,True,18000,0.0,True,36600.0,0.001000165939331,trivial,34800.0,0.0168793201446533,optimal,17,15,6,5,S2_skewed_levels,A,20911534,0.0,0.15555555555555556,0.01639344262295082,0.16939890710382513,0.9032258064516129,16800,0.9444444444444444,0.35294117647058826
S2_skewed_levels_24.txt,18,6,4,3,900,1,45800,42200,0.0070023536682128,True,31400,0.0,True,45800.0,0.0,trivial,42200.0,0.0074930191040039,optimal,16,15,5,5,S2_skewed_levels,A,20911535,0.0,0.08071748878923767,0.026200873362445413,0.10480349344978165,0.75,10800,0.8888888888888888,0.3125
S3_imbalanced_flow_00.txt,18,6,4,3,900,1,61000,21400,0.0069227218627929,True,8800,0.0,True,50200.0,0.0020127296447753,ok,21400.0,0.0051386356353759,optimal,12,13,2,2,S3_imbalanced_flow,A,20912511,0.0,0.08786610878661087,0.1672473867595819,0.24041811846689895,0.30434782608695654,12600,0.6666666666666666,0.16666666666666666
S3_imbalanced_flow_01.txt,18,6,4,3,900,1,72100,21400,0.007678747177124,True,-23300,0.0,True,42100.0,0.002004861831665,ok,21400.0,0.0072805881500244,optimal,12,13,1,3,S3_imbalanced_flow,A,20912512,0.0,0.26992753623188404,0.1111111111111111,0.35104669887278583,0.6834862385321101,44700,0.6666666666666666,0.08333333333333333
S3_imbalanced_flow_02.txt,18,6,4,3,900,1,59300,9500,0.019021987915039,True,-5500,0.0,True,17300.0,0.0033879280090332,ok,9500.0,0.016017198562622,optimal,13,13,2,2,S3_imbalanced_flow,A,20912513,0.0,0.117096018735363,0.05739514348785872,0.16777041942604856,0.6578947368421053,15000,0.7222222222222222,0.15384615384615385
S3_imbalanced_flow_03.txt,18,6,4,3,900,1,56000,18800,0.0073082447052001,True,9200,0.0,True,44000.0,0.0019998550415039,ok,18800.0,0.0057182312011718,optimal,14,13,2,2,S3_imbalanced_flow,A,20912514,0.0,0.07339449541284404,0.16153846153846155,0.2230769230769231,0.27586206896551724,9600,0.7777777777777778,0.14285714285714285
S3_imbalanced_flow_04.txt,18,6,4,3,900,1,70100,45200,0.0082883834838867,True,18800,0.0,True,65600.0,0.0020015239715576,ok,45200.0,0.0102159976959228,optimal,13,14,2,3,S3_imbalanced_flow,A,20912515,0.0,0.1423948220064725,0.09912536443148688,0.22740524781341107,0.5641025641025641,26400,0.7222222222222222,0.15384615384615385
S3_imbalanced_flow_05.txt,18,6,4,3,900,1,43100,33200,0.0086889266967773,True,28100,0.0012905597686767,True,43100.0,0.0,trivial,33200.0,0.0062949657440185,optimal,15,15,6,3,S3_imbalanced_flow,A,20912516,0.0,0.04271356783919598,0.0765661252900232,0.11600928074245939,0.34,5100,0.8333333333333334,0.4
S3_imbalanced_flow_06.txt,18,6,4,3,900,1,73600,13900,0.0064373016357421,True,10600,0.0,True,25600.0,0.0030806064605712,ok,13900.0,0.0081219673156738,optimal,14,14,1,2,S3_imbalanced_flow,A,20912517,0.0,0.020484171322160148,0.06770833333333333,0.08680555555555555,0.22,3300,0.7777777777777778,0.07142857142857142
S3_imbalanced_flow_07.txt,18,6,4,3,900,1,61600,55600,0.0082299709320068,True,10000,0.0,True,57400.0,0.0023205280303955,ok,55600.0,0.011019229888916,optimal,15,15,3,2,S3_imbalanced_flow,A,20912518,0.0,0.2550335570469799,0.009966777408637873,0.26245847176079734,0.9620253164556962,45600,0.8333333333333334,0.2
S3_imbalanced_flow_08.txt,18,6,4,3,900,1,53400,30300,0.0127716064453125,True,20100,0.0014615058898925,True,46200.0,0.0031814575195312,ok,30300.0,0.0147082805633544,optimal,13,13,1,1,S3_imbalanced_flow,A,20912519,0.0,0.07439824945295405,0.10392156862745099,0.17058823529411765,0.39080459770114945,10200,0.7222222222222222,0.07692307692307693
S3_imbalanced_flow_09.txt,18,6,4,3,900,1,72300,-600,0.0177927017211914,True,-36600,0.0009982585906982,True,61500.0,0.0020256042480468,ok,-600.0,0.0110218524932861,optimal,11,12,2,3,S3_imbalanced_flow,A,20912520,0.0,0.25,0.30131004366812225,0.4759825327510917,0.3669724770642202,36000,0.6111111111111112,0.18181818181818182
S3_imbalanced_flow_10.txt,18,6,4,3,900,1,68500,53800,0.0071918964385986,True,14500,0.0,True,68500.0,0.0,trivial,53800.0,0.004019021987915,optimal,15,16,2,3,S3_imbalanced_flow,A,20912521,0.0,0.2059748427672956,0.07153284671532846,0.26277372262773724,0.7277777777777777,39300,0.8333333333333334,0.13333333333333333
S3_imbalanced_flow_11.txt,18,6,4,3,900,1,46100,39800,0.0238664150238037,True,3800,0.0,True,46100.0,0.0,trivial,39800.0,0.0148735046386718,optimal,16,14,0,2,S3_imbalanced_flow,A,20912522,0.0,0.2727272727272727,0.0455531453362256,0.30585683297180044,0.851063829787234,36000,0.8888888888888888,0.0
S3_imbalanced_flow_12.txt,18,6,4,3,900,1,85500,10800,0.006845474243164,True,-8700,0.0,True,15300.0,0.001147985458374,ok,10800.0,0.0060751438140869,optimal,12,13,3,2,S3_imbalanced_flow,A,20912523,0.0,0.10726072607260725,0.024154589371980676,0.1288244766505636,0.8125,19500,0.6666666666666666,0.25
S3_imbalanced_flow_13.txt,18,6,4,3,900,1,48100,40300,0.0127246379852294,True,25600,0.0010004043579101,True,48100.0,0.0,trivial,40300.0,0.0094654560089111,optimal,16,15,5,5,S3_imbalanced_flow,A,20912524,0.0,0.1076923076923077,0.05405405405405406,0.15592515592515593,0.6533333333333333,14700,0.8888888888888888,0.3125
S3_imbalanced_flow_14.txt,18,6,4,3,900,1,81000,45600,0.0083556175231933,True,24000,0.0010802745819091,True,55800.0,0.0020005702972412,ok,45600.0,0.0060012340545654,optimal,13,14,0,0,S3_imbalanced_flow,A,20912525,0.0,0.10404624277456648,0.046831955922865015,0.14600550964187328,0.6792452830188679,21600,0.7222222222222222,0.0
S3_imbalanced_flow_15.txt,18,6,4,3,900,1,47100,33300,0.0106816291809082,True,2400,0.0010099411010742,True,42600.0,0.0030102729797363,ok,33300.0,0.0112936496734619,optimal,14,13,5,5,S3_imbalanced_flow,A,20912526,0.0,0.24235294117647058,0.06798245614035088,0.29385964912280704,0.7686567164179104,30900,0.7777777777777778,0.35714285714285715
S3_imbalanced_flow_16.txt,18,6,4,3,900,1,39500,22700,0.0062341690063476,True,3500,0.0,True,33500.0,0.0020008087158203,ok,22700.0,0.0059995651245117,optimal,14,15,2,3,S3_imbalanced_flow,A,20912527,0.0,0.1887905604719764,0.096,0.26666666666666666,0.64,19200,0.7777777777777778,0.14285714285714285
S3_imbalanced_flow_17.txt,18,6,4,3,900,1,55000,24100,0.0105817317962646,True,11800,0.0,True,28000.0,0.0030000209808349,ok,24100.0,0.0089995861053466,optimal,14,15,3,2,S3_imbalanced_flow,A,20912528,0.0,0.09172259507829977,0.02826086956521739,0.11739130434782609,0.7592592592592593,12300,0.7777777777777778,0.21428571428571427
S3_imbalanced_flow_18.txt,18,6,4,3,900,1,37300,32800,0.0112895965576171,True,19300,0.0010004043579101,True,37300.0,0.0009999275207519,trivial,32800.0,0.0089998245239257,optimal,17,14,5,4,S3_imbalanced_flow,A,20912529,0.0,0.12569832402234637,0.040214477211796246,0.16085790884718498,0.75,13500,0.9444444444444444,0.29411764705882354
S3_imbalanced_flow_19.txt,18,6,4,3,900,1,52900,43300,0.0080049037933349,True,15100,0.0,True,52900.0,0.0010023117065429,trivial,43300.0,0.0069997310638427,optimal,16,15,3,2,S3_imbalanced_flow,A,20912530,0.0,0.1891348088531187,0.06049149338374291,0.2381852551984877,0.746031746031746,28200,0.8888888888888888,0.1875
S3_imbalanced_flow_20.txt,18,6,4,3,900,1,66100,37600,0.0060012340545654,True,-2600,0.0,True,46600.0,0.0019998550415039,ok,37600.0,0.0060000419616699,optimal,13,13,2,2,S3_imbalanced_flow,A,20912531,0.0,0.23674911660777384,0.050335570469798654,0.2751677852348993,0.8170731707317073,40200,0.7222222222222222,0.15384615384615385
S3_imbalanced_flow_21.txt,18,6,4,3,900,1,68300,24200,0.0070438385009765,True,-4000,0.0,True,44900.0,0.002000093460083,ok,24200.0,0.0060000419616699,optimal,11,11,0,2,S3_imbalanced_flow,A,20912532,0.0,0.17537313432835822,0.1140495867768595,0.2694214876033058,0.5766871165644172,28200,0.6111111111111112,0.0
S3_imbalanced_flow_22.txt,18,6,4,3,900,1,58800,26700,0.0124635696411132,True,11400,0.0,True,29400.0,0.0019986629486083,ok,26700.0,0.0053451061248779,optimal,14,15,1,3,S3_imbalanced_flow,A,20912533,0.0,0.10602910602910603,0.018367346938775512,0.12244897959183673,0.85,15300,0.7777777777777778,0.07142857142857142
S3_imbalanced_flow_23.txt,18,6,4,3,900,1,58800,9000,0.0114901065826416,True,-4200,0.0,True,19800.0,0.0031542778015136,ok,9000.0,0.0100781917572021,optimal,13,15,2,3,S3_imbalanced_flow,A,20912534,0.0,0.10426540284360189,0.07860262008733625,0.17467248908296942,0.55,13200,0.7222222222222222,0.15384615384615385
S3_imbalanced_flow_24.txt,18,6,4,3,900,1,55600,24100,0.0194869041442871,True,4600,0.001004934310913,True,55600.0,0.0,trivial,24100.0,0.0112104415893554,optimal,12,13,2,4,S3_imbalanced_flow,A,20912535,0.0,0.14412416851441243,0.18884892086330934,0.3057553956834532,0.38235294117647056,19500,0.6666666666666666,0.16666666666666666
S4_high_demand_00.txt,28,6,4,3,900,1,82100,23900,0.0130031108856201,True,9200,0.0,True,43100.0,0.0020003318786621,ok,23900.0,0.0180010795593261,optimal,20,19,6,6,S4_high_demand,A,20913511,0.0,0.07814992025518341,0.09261939218523878,0.16353111432706222,0.4336283185840708,14700,0.7142857142857143,0.3
S4_high_demand_01.txt,28,6,4,3,900,1,95500,11500,0.0184459686279296,True,-25700,0.0,True,49300.0,0.0020008087158203,ok,11500.0,0.0139997005462646,optimal,20,21,4,8,S4_high_demand,A,20913512,0.0,0.1837037037037037,0.15730337078651685,0.3121098626716604,0.496,37200,0.7142857142857143,0.2
S4_high_demand_02.txt,28,6,4,3,900,1,54800,42500,0.0209772586822509,True,3500,0.0,True,54800.0,0.001000165939331,trivial,42500.0,0.0178282260894775,optimal,23,18,7,5,S4_high_demand,A,20913513,0.0,0.2564102564102564,0.07481751824817519,0.31204379562043794,0.7602339181286549,39000,0.8214285714285714,0.30434782608695654
S4_high_demand_03.txt,28,6,4,3,900,1,102500,33500,0.0184912681579589,True,-48700,0.0010526180267333,True,59300.0,0.002000093460083,ok,33500.0,0.0269997119903564,optimal,16,20,1,6,S4_high_demand,A,20913514,0.0,0.34465408805031444,0.09761634506242906,0.4086265607264472,0.7611111111111111,82200,0.5714285714285714,0.0625
S4_high_demand_04.txt,28,6,4,3,900,1,86900,32600,0.0144867897033691,True,11900,0.0,True,67700.0,0.0019998550415039,ok,32600.0,0.0160005092620849,optimal,17,19,3,8,S4_high_demand,A,20913515,0.0,0.1002906976744186,0.1453416149068323,0.231055900621118,0.3709677419354839,20700,0.6071428571428571,0.17647058823529413
S4_high_demand_05.txt,28,6,4,3,900,1,98400,15000,0.0588095188140869,True,-30000,0.0,True,83400.0,0.0019998550415039,ok,15000.0,0.0410370826721191,optimal,15,16,4,4,S4_high_demand,A,20913516,0.0,0.21246458923512748,0.24411134903640258,0.40471092077087795,0.3968253968253968,45000,0.5357142857142857,0.26666666666666666
S4_high_demand_06.txt,28,6,4,3,900,1,70600,28000,0.0130071640014648,True,2200,0.0,True,51100.0,0.003000259399414,ok,28000.0,0.0110008716583251,optimal,18,18,4,5,S4_high_demand,A,20913517,0.0,0.1524822695035461,0.12012480499219969,0.2542901716068643,0.5276073619631901,25800,0.6428571428571429,0.2222222222222222
S4_high_demand_07.txt,28,6,4,3,900,1,75300,29700,0.0132281780242919,True,0,0.0,True,58800.0,0.0021536350250244,ok,29700.0,0.0103650093078613,optimal,19,20,5,4,S4_high_demand,A,20913518,0.0,0.16472545757071547,0.13896848137535817,0.2808022922636103,0.5051020408163265,29700,0.6785714285714286,0.2631578947368421
S4_high_demand_08.txt,28,6,4,3,900,1,81500,18800,0.0138328075408935,True,-7600,0.0,True,51800.0,0.003110647201538,ok,18800.0,0.0129420757293701,optimal,17,18,3,5,S4_high_demand,A,20913519,0.0,0.14521452145214522,0.15363128491620112,0.276536312849162,0.4444444444444444,26400,0.6071428571428571,0.17647058823529413
S4_high_demand_09.txt,28,6,4,3,900,1,111800,-2800,0.0237421989440917,True,-44200,0.0010073184967041,True,42200.0,0.0030138492584228,ok,-2800.0,0.0110924243927001,optimal,16,15,5,6,S4_high_demand,A,20913520,0.0,0.1875,0.16930022573363432,0.32505643340857787,0.4791666666666667,41400,0.5714285714285714,0.3125
S4_high_demand_10.txt,28,6,4,3,900,1,86200,36100,0.0120785236358642,True,-9200,0.0010294914245605,True,60700.0,0.0020101070404052,ok,36100.0,0.0110487937927246,optimal,16,21,2,2,S4_high_demand,A,20913521,0.0,0.21726618705035972,0.10553410553410554,0.29987129987129985,0.648068669527897,45300,0.5714285714285714,0.125
S4_high_demand_11.txt,28,6,4,3,900,1,113000,-7900,0.0186245441436767,True,-53500,0.0010082721710205,True,5000.0,0.0030145645141601,ok,-7900.0,0.0141000747680664,optimal,19,19,5,7,S4_high_demand,A,20913522,0.0,0.20907840440165062,0.05584415584415584,0.2532467532467532,0.7794871794871795,45600,0.6785714285714286,0.2631578947368421
S4_high_demand_12.txt,28,6,4,3,900,1,100600,-10400,0.0145356655120849,True,-63200,0.0,True,12400.0,0.003000259399414,ok,-10400.0,0.0132899284362792,optimal,14,16,1,2,S4_high_demand,A,20913523,0.0,0.27672955974842767,0.10674157303370786,0.3539325842696629,0.6984126984126984,52800,0.5,0.07142857142857142
S4_high_demand_13.txt,28,6,4,3,900,1,81900,19200,0.0653944015502929,True,-29100,0.0,True,70800.0,0.0020360946655273,ok,19200.0,0.0290632247924804,optimal,17,17,5,5,S4_high_demand,A,20913524,0.0,0.2639344262295082,0.21994884910485935,0.4258312020460358,0.48348348348348347,48300,0.6071428571428571,0.29411764705882354
S4_high_demand_14.txt,28,6,4,3,900,1,105900,-6000,0.0116889476776123,True,-26700,0.0010178089141845,True,21600.0,0.0030193328857421,ok,-6000.0,0.0104625225067138,optimal,14,14,1,4,S4_high_demand,A,20913525,0.0,0.10058309037900874,0.11825192802056556,0.2069408740359897,0.42857142857142855,20700,0.5,0.07142857142857142
S4_high_demand_15.txt,28,6,4,3,900,1,104300,29600,0.0214889049530029,True,10700,0.001000165939331,True,57800.0,0.0030193328857421,ok,29600.0,0.0119600296020507,optimal,16,18,1,2,S4_high_demand,A,20913526,0.0,0.07934508816120907,0.10585585585585586,0.1768018018018018,0.4012738853503185,18900,0.5714285714285714,0.0625
S4_high_demand_16.txt,28,6,4,3,900,1,81600,39600,0.0146300792694091,True,-4800,0.0009999275207519,True,68100.0,0.0019998550415039,ok,39600.0,0.0112643241882324,optimal,17,18,6,6,S4_high_demand,A,20913527,0.0,0.21893491124260356,0.12321660181582361,0.3151750972762646,0.6090534979423868,44400,0.6071428571428571,0.35294117647058826
S4_high_demand_17.txt,28,6,4,3,900,1,84700,35200,0.0169184207916259,True,-8600,0.0,True,60700.0,0.0019993782043457,ok,35200.0,0.0120148658752441,optimal,18,20,2,6,S4_high_demand,A,20913528,0.0,0.21407624633431085,0.11082138200782268,0.3011734028683181,0.6320346320346321,43800,0.6428571428571429,0.1111111111111111
S4_high_demand_18.txt,28,6,4,3,900,1,80800,12100,0.012073278427124,True,5800,0.001143455505371,True,53500.0,0.0030040740966796,ok,12100.0,0.0105998516082763,optimal,17,18,5,5,S4_high_demand,A,20913529,0.0,0.03626943005181347,0.19246861924686193,0.2217573221757322,0.1320754716981132,6300,0.6071428571428571,0.29411764705882354
S4_high_demand_19.txt,28,6,4,3,900,1,78600,21600,0.0216574668884277,True,-5400,0.0010106563568115,True,57000.0,0.0023450851440429,ok,21600.0,0.0124151706695556,optimal,22,19,7,5,S4_high_demand,A,20913530,0.0,0.15100671140939598,0.16526610644257703,0.2913165266106443,0.4326923076923077,27000,0.7857142857142857,0.3181818181818182
S4_high_demand_20.txt,28,6,4,3,900,1,98100,10200,0.017939805984497,True,-46200,0.0012257099151611,True,56400.0,0.0030004978179931,ok,10200.0,0.0129995346069335,optimal,15,18,1,5,S4_high_demand,A,20913531,0.0,0.27325581395348836,0.1828978622327791,0.40617577197149646,0.5497076023391813,56400,0.5357142857142857,0.06666666666666667
S4_high_demand_21.txt,28,6,4,3,900,1,92400,27900,0.0242247581481933,True,-3300,0.0,True,54000.0,0.002000093460083,ok,27900.0,0.0119991302490234,optimal,17,18,3,7,S4_high_demand,A,20913532,0.0,0.1466854724964739,0.1092964824120603,0.2399497487437186,0.5445026178010471,31200,0.6071428571428571,0.17647058823529413
S4_high_demand_22.txt,28,6,4,3,900,1,116900,23000,0.0528044700622558,True,-49300,0.0,True,68000.0,0.002000093460083,ok,23000.0,0.0159997940063476,optimal,16,17,2,3,S4_high_demand,A,20913533,0.0,0.28154205607476634,0.14910536779324055,0.38866799204771374,0.6163682864450127,72300,0.5714285714285714,0.125
S4_high_demand_23.txt,28,6,4,3,900,1,104200,7600,0.0145068168640136,True,-23000,0.0,True,22000.0,0.0020022392272949,ok,7600.0,0.0159995555877685,optimal,18,19,1,2,S4_high_demand,A,20913534,0.0,0.14166666666666666,0.0625,0.1953125,0.68,30600,0.6428571428571429,0.05555555555555555
S4_high_demand_24.txt,28,6,4,3,900,1,97800,12000,0.0156285762786865,True,-9600,0.0010066032409667,True,43800.0,0.0029997825622558,ok,12000.0,0.0152082443237304,optimal,17,18,4,5,S4_high_demand,A,20913535,0.0,0.10404624277456648,0.13283208020050125,0.22305764411027568,0.4044943820224719,21600,0.6071428571428571,0.23529411764705882
M1_baseline_00.txt,200,20,8,5,4000,2,601600,-4400,0.0032365322113037,True,-251900,0.003000259399414,True,442600.0,0.0050013065338134,ok,,,skipped,77,105,16,33,M1_baseline,B,20920511,,,0.27160043747721474,0.4219832300401021,0.3563714902807775,247500,0.385,0.2077922077922078
M1_baseline_01.txt,200,20,8,5,4000,2,643800,-39300,0.002000093460083,True,-317100,0.0030004978179931,True,416400.0,0.0060641765594482,ok,,,skipped,90,120,14,26,M1_baseline,B,20920512,,,0.26742957746478874,0.43045774647887325,0.3787321063394683,277800,0.45,0.15555555555555556
M1_baseline_02.txt,200,20,8,5,4000,2,671700,-101400,0.0051817893981933,True,-296700,0.0019993782043457,True,390300.0,0.0061540603637695,ok,,,skipped,79,102,10,26,M1_baseline,B,20920513,,,0.2836130818480706,0.3962623291226856,0.2842794759825327,195300,0.395,0.12658227848101267
M1_baseline_03.txt,200,20,8,5,4000,2,580700,99800,0.0020015239715576,True,-121000,0.0029997825622558,True,473300.0,0.0040009021759033,ok,,,skipped,93,114,14,28,M1_baseline,B,20920514,,,0.22848229032850065,0.36355294549458617,0.37152953054013127,220800,0.465,0.15053763440860216
M1_baseline_04.txt,200,20,8,5,4000,2,629200,21700,0.0019998550415039,True,-192200,0.0030009746551513,True,452500.0,0.005000352859497,ok,,,skipped,86,118,14,37,M1_baseline,B,20920515,,,0.251797299666842,0.376819217955462,0.33178222429036763,213900,0.43,0.16279069767441862
M1_baseline_05.txt,200,20,8,5,4000,2,645700,-36800,0.0020015239715576,True,-305900,0.0042002201080322,True,481900.0,0.0060007572174072,ok,,,skipped,88,115,17,36,M1_baseline,B,20920516,,,0.2925054982236508,0.4442564709862967,0.3415841584158416,269100,0.44,0.19318181818181818
M1_baseline_06.txt,200,20,8,5,4000,2,646300,64000,0.0010006427764892,True,-293600,0.0053050518035888,True,494500.0,0.0039997100830078,ok,,,skipped,88,113,6,29,M1_baseline,B,20920517,,,0.2408930669800235,0.4409937888198758,0.4537495241720594,357600,0.44,0.06818181818181818
M1_baseline_07.txt,200,20,8,5,4000,2,554800,74800,0.0020003318786621,True,-285500,0.002000093460083,True,490300.0,0.0030007362365722,ok,,,skipped,84,106,12,35,M1_baseline,B,20920518,,,0.2597037314832177,0.48490530658166137,0.46442382057231246,360300,0.42,0.14285714285714285
M1_baseline_08.txt,200,20,8,5,4000,2,584600,25400,0.0019996166229248,True,-289000,0.0019996166229248,True,476900.0,0.0051131248474121,ok,,,skipped,84,105,13,26,M1_baseline,B,20920519,,,0.274284672863131,0.4652815746309459,0.41049745397571485,314400,0.42,0.15476190476190477
M1_baseline_09.txt,200,20,8,5,4000,2,625400,54200,0.0009999275207519,True,-315100,0.0020010471343994,True,526700.0,0.003000259399414,ok,,,skipped,86,111,11,25,M1_baseline,B,20920520,,,0.26582278481012656,0.47358649789029533,0.43870277975766214,369300,0.43,0.12790697674418605
M1_baseline_10.txt,200,20,8,5,4000,2,601900,67900,0.0020005702972412,True,-164900,0.0019998550415039,True,472600.0,0.0041208267211914,ok,,,skipped,93,117,13,37,M1_baseline,B,20920521,,,0.2414101646385111,0.3802791696492484,0.36517647058823527,232800,0.465,0.13978494623655913
M1_baseline_11.txt,200,20,8,5,4000,2,630700,49000,0.0030000209808349,True,-278000,0.003000259399414,True,538600.0,0.0029997825622558,ok,,,skipped,90,109,10,31,M1_baseline,B,20920522,,,0.272,0.45366666666666666,0.4004408523144746,327000,0.45,0.1111111111111111
M1_baseline_12.txt,200,20,8,5,4000,2,673200,-73200,0.002000093460083,True,-270900,0.003502607345581,True,439800.0,0.0050971508026123,ok,,,skipped,86,110,11,21,M1_baseline,B,20920523,,,0.287201881088344,0.39788377561303323,0.27817644575770367,197700,0.43,0.12790697674418605
M1_baseline_13.txt,200,20,8,5,4000,2,778200,-122400,0.0023331642150878,True,-417000,0.0031502246856689,True,322200.0,0.0070164203643798,ok,,,skipped,87,110,6,26,M1_baseline,B,20920524,,,0.23666560204407538,0.39348450974129673,0.398538961038961,294600,0.435,0.06896551724137931
M1_baseline_14.txt,200,20,8,5,4000,2,584600,37700,0.0029990673065185,True,-243400,0.0019998550415039,True,501200.0,0.0029995441436767,ok,,,skipped,87,103,17,30,M1_baseline,B,20920525,,,0.27747844827586204,0.44576149425287354,0.3775181305398872,281100,0.435,0.19540229885057472
M1_baseline_15.txt,200,20,8,5,4000,2,617400,-6000,0.0019993782043457,True,-300000,0.0029995441436767,True,420600.0,0.0059821605682373,ok,,,skipped,81,107,8,28,M1_baseline,B,20920526,,,0.2577020659659297,0.43530264588619066,0.4079933388842631,294000,0.405,0.09876543209876543
M1_baseline_16.txt,200,20,8,5,4000,2,697100,-151600,0.0021543502807617,True,-442600,0.0020010471343994,True,382700.0,0.0069777965545654,ok,,,skipped,81,105,7,24,M1_baseline,B,20920527,,,0.3006922167820361,0.4644605774100962,0.35259905488913124,291000,0.405,0.08641975308641975
M1_baseline_17.txt,200,20,8,5,4000,2,679200,-49800,0.0020105838775634,True,-361800,0.0035257339477539,True,497100.0,0.0056073665618896,ok,,,skipped,84,117,5,30,M1_baseline,B,20920528,,,0.29474535165723525,0.46289409862570735,0.36325532658050996,312000,0.42,0.05952380952380952
M1_baseline_18.txt,200,20,8,5,4000,2,627500,-65500,0.0035958290100097,True,-256600,0.003347635269165,True,391100.0,0.0062623023986816,ok,,,skipped,77,110,13,40,M1_baseline,B,20920529,,,0.277382905048296,0.3934754875159468,0.29504400185270957,191100,0.385,0.16883116883116883
M1_baseline_19.txt,200,20,8,5,4000,2,704200,-98600,0.002000093460083,True,-402800,0.0029997825622558,True,433300.0,0.0050008296966552,ok,,,skipped,83,109,8,29,M1_baseline,B,20920530,,,0.28880925232122495,0.45398273334419287,0.3638320775026911,304200,0.415,0.0963855421686747
M1_baseline_20.txt,200,20,8,5,4000,2,746100,-184500,0.0031054019927978,True,-373200,0.0039989948272705,True,378000.0,0.0070075988769531,ok,,,skipped,76,107,4,19,M1_baseline,B,20920531,,,0.3007699711260828,0.40166827077317935,0.2511980830670926,188700,0.38,0.05263157894736842
M1_baseline_21.txt,200,20,8,5,4000,2,587400,42000,0.002000093460083,True,-142500,0.002000093460083,True,500700.0,0.0040013790130615,ok,,,skipped,83,119,19,29,M1_baseline,B,20920532,,,0.273769024171889,0.3838854073410922,0.2868470149253731,184500,0.415,0.2289156626506024
M1_baseline_22.txt,200,20,8,5,4000,2,696400,-76100,0.0031583309173583,True,-299000,0.0030000209808349,True,380200.0,0.0050017833709716,ok,,,skipped,85,112,10,25,M1_baseline,B,20920533,,,0.25736040609137056,0.38307952622673436,0.3281802120141343,222900,0.425,0.11764705882352941
M1_baseline_23.txt,200,20,8,5,4000,2,647000,-71800,0.0020003318786621,True,-368500,0.0030000209808349,True,492200.0,0.0039999485015869,ok,,,skipped,78,100,8,18,M1_baseline,B,20920534,,,0.31575411488075245,0.4818609338259993,0.344719414430115,296700,0.39,0.10256410256410256
M1_baseline_24.txt,200,20,8,5,4000,2,662800,-26000,0.001504898071289,True,-337100,0.0030000209808349,True,459700.0,0.0050010681152343,ok,,,skipped,79,107,14,32,M1_baseline,B,20920535,,,0.2720551167870946,0.4463115442782726,0.39043674698795183,311100,0.395,0.17721518987341772
M2_skewed_levels_00.txt,200,20,8,5,4000,2,423000,64800,0.0020008087158203,True,-104100,0.003000259399414,True,387000.0,0.0025074481964111,ok,,,skipped,85,110,32,51,M2_skewed_levels,B,20921511,,,0.2613138686131387,0.39829683698296836,0.34392180818570556,168900,0.425,0.3764705882352941
M2_skewed_levels_01.txt,200,20,8,5,4000,2,493300,6100,0.0019996166229248,True,-186800,0.0019996166229248,True,399700.0,0.0040016174316406,ok,,,skipped,85,108,31,41,M2_skewed_levels,B,20921512,,,0.28392122917117507,0.423068599870158,0.3289002557544757,192900,0.425,0.36470588235294116
M2_skewed_levels_02.txt,200,20,8,5,4000,2,508500,101100,0.0019962787628173,True,-174900,0.002000093460083,True,455400.0,0.0030019283294677,ok,,,skipped,103,114,33,52,M2_skewed_levels,B,20921513,,,0.2406275468622657,0.42807660961695193,0.43788672060923367,276000,0.515,0.32038834951456313
M2_skewed_levels_03.txt,200,20,8,5,4000,2,555500,44300,0.003000259399414,True,-64000,0.0029966831207275,True,479300.0,0.0040009021759033,ok,,,skipped,83,115,25,37,M2_skewed_levels,B,20921514,,,0.2735332956046029,0.341633654027542,0.19933738266151296,108300,0.415,0.30120481927710846
M2_skewed_levels_04.txt,200,20,8,5,4000,2,473300,49400,0.0019998550415039,True,-92500,0.003000259399414,True,414500.0,0.0040004253387451,ok,,,skipped,89,111,32,53,M2_skewed_levels,B,20921515,,,0.26823892439938285,0.37249283667621774,0.2798816568047337,141900,0.445,0.3595505617977528
M2_skewed_levels_05.txt,200,20,8,5,4000,2,454100,74000,0.0020003318786621,True,-66400,0.0030000209808349,True,419300.0,0.0040011405944824,ok,,,skipped,90,117,36,54,M2_skewed_levels,B,20921516,,,0.2601129943502825,0.3658757062146893,0.2890673255095738,140400,0.45,0.4
M2_skewed_levels_06.txt,200,20,8,5,4000,2,530500,53800,0.0019998550415039,True,-152900,0.0029993057250976,True,379300.0,0.0040011405944824,ok,,,skipped,85,113,27,47,M2_skewed_levels,B,20921517,,,0.2259945844615705,0.3695063528431577,0.3883878241262683,206700,0.425,0.3176470588235294
M2_skewed_levels_07.txt,200,20,8,5,4000,2,567200,44300,0.0019993782043457,True,-177700,0.0019993782043457,True,458000.0,0.0050008296966552,ok,,,skipped,85,117,20,52,M2_skewed_levels,B,20921518,,,0.2597965335342879,0.39920874152223057,0.3492213308164228,222000,0.425,0.23529411764705882
M2_skewed_levels_08.txt,200,20,8,5,4000,2,423200,20600,0.0030004978179931,True,-123100,0.0036268234252929,True,360200.0,0.0037539005279541,ok,,,skipped,82,114,34,46,M2_skewed_levels,B,20921519,,,0.2814520139234212,0.40054699154649426,0.2973308504034761,143700,0.41,0.4146341463414634
M2_skewed_levels_09.txt,200,20,8,5,4000,2,479000,145100,0.0022914409637451,True,-50200,0.0034642219543457,True,455600.0,0.004357099533081,ok,,,skipped,98,124,37,48,M2_skewed_levels,B,20921520,,,0.21965195246179967,0.3578098471986418,0.3861209964412811,195300,0.49,0.37755102040816324
M2_skewed_levels_10.txt,200,20,8,5,4000,2,562000,26800,0.0020086765289306,True,-214700,0.0030062198638916,True,487900.0,0.0035128593444824,ok,,,skipped,80,110,24,50,M2_skewed_levels,B,20921521,,,0.2860599292760097,0.43588311930020474,0.34372331340734413,241500,0.4,0.3
M2_skewed_levels_11.txt,200,20,8,5,4000,2,460500,125700,0.0019996166229248,True,-105900,0.002000093460083,True,426300.0,0.0029995441436767,ok,,,skipped,96,121,37,57,M2_skewed_levels,B,20921522,,,0.22311289245156982,0.39501224671565355,0.4351747463359639,231600,0.48,0.3854166666666667
M2_skewed_levels_12.txt,200,20,8,5,4000,2,470100,45000,0.0012710094451904,True,-168600,0.0034959316253662,True,421200.0,0.0031218528747558,ok,,,skipped,85,106,37,50,M2_skewed_levels,B,20921523,,,0.27633318642573823,0.43323049801674746,0.3621566632756867,213600,0.425,0.43529411764705883
M2_skewed_levels_13.txt,200,20,8,5,4000,2,508300,54400,0.002000093460083,True,-87800,0.0031585693359375,True,442600.0,0.0041060447692871,ok,,,skipped,84,113,19,39,M2_skewed_levels,B,20921524,,,0.2660361842105263,0.36348684210526316,0.2680995475113122,142200,0.42,0.2261904761904762
M2_skewed_levels_14.txt,200,20,8,5,4000,2,545900,-41200,0.0021188259124755,True,-47800,0.0032563209533691,True,428000.0,0.0040185451507568,ok,,,skipped,82,116,29,45,M2_skewed_levels,B,20921525,,,0.3087248322147651,0.3130675088827477,0.013871374527112233,6600,0.41,0.35365853658536583
M2_skewed_levels_15.txt,200,20,8,5,4000,2,494600,72800,0.0029993057250976,True,-176800,0.0031383037567138,True,426500.0,0.0042788982391357,ok,,,skipped,81,111,22,52,M2_skewed_levels,B,20921526,,,0.2498410680228862,0.4261496079677898,0.41372451516658376,249600,0.405,0.2716049382716049
M2_skewed_levels_16.txt,200,20,8,5,4000,2,497100,59100,0.0021183490753173,True,-132000,0.002000093460083,True,452700.0,0.0045070648193359,ok,,,skipped,92,116,32,45,M2_skewed_levels,B,20921527,,,0.2720298569355173,0.4041053286336305,0.3268342739866598,191100,0.46,0.34782608695652173
M2_skewed_levels_17.txt,200,20,8,5,4000,2,538700,34700,0.0030007362365722,True,-213700,0.0030000209808349,True,447200.0,0.0040006637573242,ok,,,skipped,85,110,21,39,M2_skewed_levels,B,20921528,,,0.27056277056277056,0.43349075167256984,0.3758511121198366,248400,0.425,0.24705882352941178
M2_skewed_levels_18.txt,200,20,8,5,4000,2,497700,45600,0.0019998550415039,True,-84600,0.002000093460083,True,386700.0,0.0040004253387451,ok,,,skipped,100,115,52,51,M2_skewed_levels,B,20921529,,,0.24679835033644454,0.3410028217929238,0.27625716104392106,130200,0.5,0.52
M2_skewed_levels_19.txt,200,20,8,5,4000,2,534100,8200,0.0012726783752441,True,-159800,0.0039994716644287,True,442000.0,0.0040004253387451,ok,,,skipped,84,108,29,43,M2_skewed_levels,B,20921530,,,0.2872467222884386,0.3984902661899086,0.27916251246261214,168000,0.42,0.34523809523809523
M2_skewed_levels_20.txt,200,20,8,5,4000,2,512500,-50300,0.0019998550415039,True,-138200,0.0030004978179931,True,436000.0,0.0040006637573242,ok,,,skipped,77,110,27,48,M2_skewed_levels,B,20921531,,,0.3328542094455852,0.3930184804928131,0.15308254963427378,87900,0.385,0.35064935064935066
M2_skewed_levels_21.txt,200,20,8,5,4000,2,515200,40000,0.0020005702972412,True,-140900,0.002000093460083,True,431500.0,0.005627155303955,ok,,,skipped,91,113,36,49,M2_skewed_levels,B,20921532,,,0.26780217525138517,0.39154524933305973,0.3160377358490566,180900,0.455,0.3956043956043956
M2_skewed_levels_22.txt,200,20,8,5,4000,2,522700,67600,0.0020005702972412,True,-124100,0.002000093460083,True,458200.0,0.0030004978179931,ok,,,skipped,88,108,27,45,M2_skewed_levels,B,20921533,,,0.25977653631284914,0.3872705506783719,0.32921174652241114,191700,0.44,0.3068181818181818
M2_skewed_levels_23.txt,200,20,8,5,4000,2,475400,92000,0.002000093460083,True,-146200,0.003000259399414,True,459800.0,0.0030007362365722,ok,,,skipped,92,107,36,43,M2_skewed_levels,B,20921534,,,0.26074011059123775,0.42960442364951085,0.3930693069306931,238200,0.46,0.391304347826087
M2_skewed_levels_24.txt,200,20,8,5,4000,2,508700,52100,0.0020003318786621,True,-133300,0.0035593509674072,True,381500.0,0.003000259399414,ok,,,skipped,91,121,31,43,M2_skewed_levels,B,20921535,,,0.23547072699978555,0.3680034312674244,0.36013986013986016,185400,0.455,0.34065934065934067
M3_imbalanced_flow_00.txt,200,20,8,5,4000,2,579100,-72200,0.0010130405426025,True,-379100,0.0023028850555419,True,549700.0,0.0020003318786621,ok,,,skipped,76,89,12,10,M3_imbalanced_flow,B,20922511,,,0.3641313894256104,0.5438257509221851,0.33042635658914726,306900,0.38,0.15789473684210525
M3_imbalanced_flow_01.txt,200,20,8,5,4000,2,662600,65900,0.0020101070404052,True,-259900,0.0053608417510986,True,482000.0,0.0044193267822265,ok,,,skipped,92,101,8,22,M3_imbalanced_flow,B,20922512,,,0.23024568393094288,0.4105245683930943,0.4391427416093813,325800,0.46,0.08695652173913043
M3_imbalanced_flow_02.txt,200,20,8,5,4000,2,669100,-54200,0.0039997100830078,True,-532100,0.0022909641265869,True,452500.0,0.0054931640625,ok,,,skipped,83,89,11,29,M3_imbalanced_flow,B,20922513,,,0.2829619701792595,0.5498408443625398,0.4853747714808044,477900,0.415,0.13253012048192772
M3_imbalanced_flow_03.txt,200,20,8,5,4000,2,691100,-22000,0.0019998550415039,True,-279700,0.0029997825622558,True,449300.0,0.005000352859497,ok,,,skipped,86,106,8,22,M3_imbalanced_flow,B,20922514,,,0.2573300573300573,0.39803439803439805,0.3534979423868313,257700,0.43,0.09302325581395349
M3_imbalanced_flow_04.txt,200,20,8,5,4000,2,700900,-207800,0.0010004043579101,True,-584600,0.0046699047088623,True,337300.0,0.007451057434082,ok,,,skipped,72,87,4,17,M3_imbalanced_flow,B,20922515,,,0.31343798516474036,0.5301017767810937,0.40872111942726974,376800,0.36,0.05555555555555555
M3_imbalanced_flow_05.txt,200,20,8,5,4000,2,597300,10500,0.0010008811950683,True,-315900,0.0019998550415039,True,509100.0,0.0040009021759033,ok,,,skipped,84,100,10,21,M3_imbalanced_flow,B,20922516,,,0.29265715795034336,0.4842401831308329,0.3956363636363636,326400,0.42,0.11904761904761904
M3_imbalanced_flow_06.txt,200,20,8,5,4000,2,633500,-54100,0.0020003318786621,True,-314200,0.0041151046752929,True,502100.0,0.0061597824096679,ok,,,skipped,82,104,7,23,M3_imbalanced_flow,B,20922517,,,0.3143971510937765,0.46142106155672374,0.31863285556780596,260100,0.41,0.08536585365853659
M3_imbalanced_flow_07.txt,200,20,8,5,4000,2,601000,-74900,0.0030000209808349,True,-404300,0.0030004978179931,True,480100.0,0.0040011405944824,ok,,,skipped,76,96,8,30,M3_imbalanced_flow,B,20922518,,,0.3299447119671839,0.5257713572320314,0.3724559023066486,329400,0.38,0.10526315789473684
M3_imbalanced_flow_08.txt,200,20,8,5,4000,2,595500,6900,0.0010004043579101,True,-409500,0.002000093460083,True,414900.0,0.0050008296966552,ok,,,skipped,89,88,16,21,M3_imbalanced_flow,B,20922519,,,0.2540631421632729,0.5133569960769662,0.50509461426492,416400,0.445,0.1797752808988764
M3_imbalanced_flow_09.txt,200,20,8,5,4000,2,641200,15400,0.0040004253387451,True,-269000,0.0019972324371337,True,506200.0,0.0050001144409179,ok,,,skipped,86,103,12,25,M3_imbalanced_flow,B,20922520,,,0.2744045622274405,0.4334116068433412,0.3668730650154799,284400,0.43,0.13953488372093023
M3_imbalanced_flow_10.txt,200,20,8,5,4000,2,634700,-128200,0.0010054111480712,True,-530200,0.0042219161987304,True,511700.0,0.0050017833709716,ok,,,skipped,70,96,11,23,M3_imbalanced_flow,B,20922521,,,0.3592723597776655,0.5849755768906856,0.3858335732795854,402000,0.35,0.15714285714285714
M3_imbalanced_flow_11.txt,200,20,8,5,4000,2,621700,10000,0.0030007362365722,True,-242900,0.0030000209808349,True,485800.0,0.004000186920166,ok,,,skipped,77,108,5,23,M3_imbalanced_flow,B,20922522,,,0.27515614156835533,0.4214087439278279,0.34705640181144504,252900,0.385,0.06493506493506493
M3_imbalanced_flow_12.txt,200,20,8,5,4000,2,611900,-16900,0.0019998550415039,True,-399400,0.0020012855529785,True,437000.0,0.0049991607666015,ok,,,skipped,87,97,10,21,M3_imbalanced_flow,B,20922523,,,0.2733020231213873,0.5036127167630058,0.4573170731707317,382500,0.435,0.11494252873563218
M3_imbalanced_flow_13.txt,200,20,8,5,4000,2,671500,-175100,0.0019998550415039,True,-484100,0.0029997825622558,True,473800.0,0.0040004253387451,ok,,,skipped,70,91,7,30,M3_imbalanced_flow,B,20922524,,,0.3571664464993395,0.5272457067371202,0.3225806451612903,309000,0.35,0.1
M3_imbalanced_flow_14.txt,200,20,8,5,4000,2,654400,-22400,0.0033426284790039,True,-432800,0.0045611858367919,True,468100.0,0.0045423507690429,ok,,,skipped,82,96,6,16,M3_imbalanced_flow,B,20922525,,,0.276042546007091,0.5070065845010974,0.45554445554445555,410400,0.41,0.07317073170731707
M3_imbalanced_flow_15.txt,200,20,8,5,4000,2,608600,42800,0.0020086765289306,True,-396100,0.0020098686218261,True,353300.0,0.0050771236419677,ok,,,skipped,91,104,15,22,M3_imbalanced_flow,B,20922526,,,0.1977077363896848,0.4771728748806113,0.5856685348278623,438900,0.455,0.16483516483516483
M3_imbalanced_flow_16.txt,200,20,8,5,4000,2,643500,-74100,0.0010125637054443,True,-514800,0.0033018589019775,True,462000.0,0.0046079158782958,ok,,,skipped,79,97,8,23,M3_imbalanced_flow,B,20922527,,,0.3065180102915952,0.5584905660377358,0.4511670761670762,440700,0.395,0.10126582278481013
M3_imbalanced_flow_17.txt,200,20,8,5,4000,2,619900,400,0.0020005702972412,True,-290900,0.0030004978179931,True,495900.0,0.0045065879821777,ok,,,skipped,77,108,8,25,M3_imbalanced_flow,B,20922528,,,0.2854756006222273,0.45330414242092526,0.3702338586680224,291300,0.385,0.1038961038961039
M3_imbalanced_flow_18.txt,200,20,8,5,4000,2,691500,-46200,0.0019998550415039,True,-304200,0.0029995441436767,True,378000.0,0.0060009956359863,ok,,,skipped,88,104,8,17,M3_imbalanced_flow,B,20922529,,,0.24088586030664394,0.38739352640545144,0.3781882145998241,258000,0.44,0.09090909090909091
M3_imbalanced_flow_19.txt,200,20,8,5,4000,2,709600,-99800,0.002037763595581,True,-483500,0.0031428337097167,True,438100.0,0.0070035457611083,ok,,,skipped,72,90,6,23,M3_imbalanced_flow,B,20922530,,,0.28961395574220644,0.49620416733968664,0.4163411458333333,383700,0.36,0.08333333333333333
M3_imbalanced_flow_20.txt,200,20,8,5,4000,2,629100,62100,0.0019989013671875,True,-409200,0.0029997825622558,True,466500.0,0.0049998760223388,ok,,,skipped,84,99,10,29,M3_imbalanced_flow,B,20922531,,,0.2344755609671247,0.5077404766046268,0.538198013018157,471300,0.42,0.11904761904761904
M3_imbalanced_flow_21.txt,200,20,8,5,4000,2,717900,-14700,0.0010006427764892,True,-474600,0.0029997825622558,True,431400.0,0.0060009956359863,ok,,,skipped,78,102,7,31,M3_imbalanced_flow,B,20922532,,,0.238913881748072,0.4852185089974293,0.5076158940397351,459900,0.39,0.08974358974358974
M3_imbalanced_flow_22.txt,200,20,8,5,4000,2,622900,-18200,0.0030000209808349,True,-368000,0.0019998550415039,True,462100.0,0.0043346881866455,ok,,,skipped,74,88,9,16,M3_imbalanced_flow,B,20922533,,,0.28122255401370105,0.4860354821710873,0.4213950126490784,349800,0.37,0.12162162162162163
M3_imbalanced_flow_23.txt,200,20,8,5,4000,2,623600,17000,0.0019996166229248,True,-270400,0.003000259399414,True,449600.0,0.0039999485015869,ok,,,skipped,84,103,13,26,M3_imbalanced_flow,B,20922534,,,0.25495049504950495,0.4243281471004243,0.39916666666666667,287400,0.42,0.15476190476190477
M3_imbalanced_flow_24.txt,200,20,8,5,4000,2,674000,4400,0.0019996166229248,True,-496600,0.002000093460083,True,419600.0,0.0051798820495605,ok,,,skipped,84,103,9,24,M3_imbalanced_flow,B,20922535,,,0.2348947725729803,0.5183299389002036,0.5468238375900458,501000,0.42,0.10714285714285714
M4_high_demand_00.txt,300,20,8,5,4000,2,970800,-560100,0.0030000209808349,True,-822300,0.004000186920166,True,115050.0,0.0110001564025878,ok,,,skipped,77,116,8,31,M4_high_demand,B,20923511,,,0.3282765662606666,0.4557654438042448,0.27972475596095375,262200,0.25666666666666665,0.1038961038961039
M4_high_demand_01.txt,300,20,8,5,4000,2,889600,-403100,0.0032112598419189,True,-742100,0.0029997825622558,True,274600.0,0.0095081329345703,ok,,,skipped,85,126,7,30,M4_high_demand,B,20923512,,,0.3299737072743208,0.4950335962605901,0.33343169076423723,339000,0.2833333333333333,0.08235294117647059
M4_high_demand_02.txt,300,20,8,5,4000,2,1028500,-653900,0.0029997825622558,True,-936200,0.0039999485015869,True,13450.0,0.0130007266998291,ok,,,skipped,81,120,8,23,M4_high_demand,B,20923513,,,0.32232123451423605,0.4586684054191118,0.29726741431053544,282300,0.27,0.09876543209876543
M4_high_demand_03.txt,300,20,8,5,4000,2,910400,-358000,0.0019998550415039,True,-735100,0.0040009021759033,True,261800.0,0.0105071067810058,ok,,,skipped,93,129,13,42,M4_high_demand,B,20923514,,,0.2976087582829156,0.4786804955344281,0.3782726452001204,377100,0.31,0.13978494623655913
M4_high_demand_04.txt,300,20,8,5,4000,2,979100,-494800,0.0020003318786621,True,-849100,0.0040006637573242,True,144950.0,0.0130009651184082,ok,,,skipped,86,128,5,37,M4_high_demand,B,20923515,,,0.3041865772769417,0.472648170601241,0.3564207031839445,354300,0.2866666666666667,0.05813953488372093
M4_high_demand_05.txt,300,20,8,5,4000,2,932500,-454700,0.0020005702972412,True,-713000,0.0040011405944824,True,175900.0,0.010507583618164,ok,,,skipped,90,135,11,35,M4_high_demand,B,20923516,,,0.3089813317653976,0.435543142731148,0.29058386770165373,258300,0.3,0.12222222222222222
M4_high_demand_06.txt,300,20,8,5,4000,2,983500,-449000,0.002000093460083,True,-752600,0.0039999485015869,True,166375.0,0.011000633239746,ok,,,skipped,85,133,6,43,M4_high_demand,B,20923517,,,0.2884513974336439,0.4307611179469151,0.330368073124949,303600,0.2833333333333333,0.07058823529411765
M4_high_demand_07.txt,300,20,8,5,4000,2,989200,-575000,0.0020003318786621,True,-862100,0.0029990673065185,True,132400.0,0.0130031108856201,ok,,,skipped,81,122,5,36,M4_high_demand,B,20923518,,,0.3351335986355884,0.471148379761228,0.28868778280542984,287100,0.27,0.06172839506172839
M4_high_demand_08.txt,300,20,8,5,4000,2,983700,-547200,0.002000093460083,True,-814500,0.004000186920166,True,146700.0,0.0126302242279052,ok,,,skipped,92,122,10,28,M4_high_demand,B,20923519,,,0.3282247765006386,0.454661558109834,0.27808988764044945,267300,0.30666666666666664,0.10869565217391304
M4_high_demand_09.txt,300,20,8,5,4000,2,973700,-461800,0.0029988288879394,True,-808900,0.0039999485015869,True,141800.0,0.0140025615692138,ok,,,skipped,88,126,8,38,M4_high_demand,B,20923520,,,0.28891441700172316,0.45505456634118324,0.36509940044177974,347100,0.29333333333333333,0.09090909090909091
M4_high_demand_10.txt,300,20,8,5,4000,2,981700,-517400,0.0019998550415039,True,-813500,0.004000186920166,True,105550.0,0.0140004158020019,ok,,,skipped,88,129,12,36,M4_high_demand,B,20923521,,,0.3010947582106866,0.44421083158123686,0.32218051248571894,296100,0.29333333333333333,0.13636363636363635
M4_high_demand_11.txt,300,20,8,5,4000,2,961600,-532400,0.002000093460083,True,-824900,0.0040006637573242,True,151300.0,0.0105054378509521,ok,,,skipped,81,121,6,24,M4_high_demand,B,20923522,,,0.32957339117859724,0.47057122198120027,0.29963122311001844,292500,0.27,0.07407407407407407
M4_high_demand_12.txt,300,20,8,5,4000,2,904500,-393600,0.0020143985748291,True,-822600,0.0039999485015869,True,246900.0,0.01300048828125,ok,,,skipped,92,127,15,43,M4_high_demand,B,20923523,,,0.3115423901940756,0.5202101269517,0.4011220196353436,429000,0.30666666666666664,0.16304347826086957
M4_high_demand_13.txt,300,20,8,5,4000,2,839600,-316300,0.0020003318786621,True,-627100,0.0049998760223388,True,363800.0,0.0080006122589111,ok,,,skipped,93,137,14,41,M4_high_demand,B,20923524,,,0.3328928046989721,0.48502202643171805,0.3136542537087496,310800,0.31,0.15053763440860216
M4_high_demand_14.txt,300,20,8,5,4000,2,955800,-546300,0.002000093460083,True,-925500,0.0039997100830078,True,120000.0,0.0130012035369873,ok,,,skipped,78,123,6,36,M4_high_demand,B,20923525,,,0.32796810395747195,0.514619019492026,0.3626972740315638,379200,0.26,0.07692307692307693
M4_high_demand_15.txt,300,20,8,5,4000,2,953500,-535400,0.0020058155059814,True,-820700,0.004007339477539,True,199000.0,0.0122277736663818,ok,,,skipped,80,116,4,28,M4_high_demand,B,20923526,,,0.3487179487179487,0.4841880341880342,0.2797881729920565,285300,0.26666666666666666,0.05
M4_high_demand_16.txt,300,20,8,5,4000,2,989600,-512500,0.002000093460083,True,-903400,0.0039999485015869,True,186800.0,0.0131947994232177,ok,,,skipped,91,126,9,38,M4_high_demand,B,20923527,,,0.32285318559556786,0.5033240997229916,0.3585580627407815,390900,0.30333333333333334,0.0989010989010989
M4_high_demand_17.txt,300,20,8,5,4000,2,925800,-516000,0.0030000209808349,True,-793200,0.0029997825622558,True,213300.0,0.010000467300415,ok,,,skipped,82,121,10,27,M4_high_demand,B,20923528,,,0.3531890164172599,0.48743280546273426,0.2754098360655738,277200,0.2733333333333333,0.12195121951219512
M4_high_demand_18.txt,300,20,8,5,4000,2,893500,-298100,0.0030004978179931,True,-671600,0.0040006637573242,True,347500.0,0.0113048553466796,ok,,,skipped,90,137,8,40,M4_high_demand,B,20923529,,,0.30245959241040055,0.4774420238931834,0.3664998528113041,373500,0.3,0.08888888888888889
M4_high_demand_19.txt,300,20,8,5,4000,2,1014400,-561200,0.0020694732666015,True,-809000,0.0043213367462158,True,25900.0,0.0133483409881591,ok,,,skipped,86,131,9,29,M4_high_demand,B,20923530,,,0.2857351438166156,0.40633669148780843,0.296802012217032,247800,0.2866666666666667,0.10465116279069768
M4_high_demand_20.txt,300,20,8,5,4000,2,1024100,-575800,0.0024302005767822,True,-835000,0.0040194988250732,True,114500.0,0.0145258903503417,ok,,,skipped,81,120,6,27,M4_high_demand,B,20923531,,,0.3191843528922181,0.43903454015813564,0.2729857819905213,259200,0.27,0.07407407407407407
M4_high_demand_21.txt,300,20,8,5,4000,2,1014600,-557100,0.002094030380249,True,-838800,0.0030510425567626,True,89400.0,0.010312795639038,ok,,,skipped,90,143,7,36,M4_high_demand,B,20923532,,,0.30515434721042195,0.43811951288586803,0.30349062702003876,281700,0.3,0.07777777777777778
M4_high_demand_22.txt,300,20,8,5,4000,2,982500,-496500,0.0030004978179931,True,-855900,0.0039994716644287,True,122400.0,0.0120010375976562,ok,,,skipped,88,123,7,35,M4_high_demand,B,20923533,,,0.2964932451853981,0.4686691578039667,0.3673719717877952,359400,0.29333333333333333,0.07954545454545454
M4_high_demand_23.txt,300,20,8,5,4000,2,1018900,-578300,0.0014128684997558,True,-901700,0.0030543804168701,True,64900.0,0.0181996822357177,ok,,,skipped,86,128,6,39,M4_high_demand,B,20923534,,,0.30589242402625194,0.4596946782707947,0.3345747982619491,323400,0.2866666666666667,0.06976744186046512
M4_high_demand_24.txt,300,20,8,5,4000,2,887800,-416300,0.0020108222961425,True,-763100,0.0065405368804931,True,245200.0,0.0105772018432617,ok,,,skipped,85,126,7,32,M4_high_demand,B,20923535,,,0.3273456057007126,0.49896080760095013,0.3439452543885748,346800,0.2833333333333333,0.08235294117647059
L1_baseline_00.txt,7000,200,20,10,20000,3,21949600,-16975100,0.0295543670654296,True,-18238400,0.2241182327270507,True,2552200.0,0.918104887008667,ok,,,skipped,2962,3093,676,780,L1_baseline,C,20930511,,,0.420381301747633,0.44757746806339527,0.06076303714178523,1263300,0.42314285714285715,0.22822417285617827
L1_baseline_01.txt,7000,200,20,10,20000,3,22627600,-18038900,0.040790319442749,True,-19369400,0.2138173580169677,True,1102900.0,1.0030677318572998,ok,,,skipped,2896,3007,674,767,L1_baseline,C,20930512,,,0.41291165945109914,0.44161214545030963,0.06499025512521797,1330500,0.4137142857142857,0.23273480662983426
L1_baseline_02.txt,7000,200,20,10,20000,3,22411000,-18050600,0.0485725402832031,True,-19025600,0.2173669338226318,True,1640350.0,0.981985330581665,ok,,,skipped,2933,3058,740,756,L1_baseline,C,20930513,,,0.42380443520398775,0.4447891680037708,0.047179055402727675,975000,0.419,0.25230139788612344
L1_baseline_03.txt,7000,200,20,10,20000,3,22325500,-17766500,0.0543885231018066,True,-18856700,0.2264242172241211,True,1884700.0,1.0014100074768066,ok,,,skipped,2891,3032,734,774,L1_baseline,C,20930514,,,0.4222822478226394,0.44570942308808076,0.05256154357950765,1090200,0.413,0.2538913870632999
L1_baseline_04.txt,7000,200,20,10,20000,3,22795000,-18106700,0.0425455570220947,True,-19412000,0.2227835655212402,True,948700.0,1.1533443927764893,ok,,,skipped,2866,3016,650,748,L1_baseline,C,20930515,,,0.40945277801055896,0.4375004028904976,0.06410879783111582,1305300,0.4094285714285714,0.22679692951849267
L1_baseline_05.txt,7000,200,20,10,20000,3,22222100,-17908900,0.0375220775604248,True,-18946300,0.2142269611358642,True,1948100.0,1.082503318786621,ok,,,skipped,2862,3033,711,762,L1_baseline,C,20930516,,,0.428023615987998,0.4503850854559916,0.049649666896393295,1037400,0.40885714285714286,0.24842767295597484
L1_baseline_06.txt,7000,200,20,10,20000,3,22057400,-17060200,0.0465109348297119,True,-18601000,0.2316343784332275,True,2396375.0,1.1493592262268066,ok,,,skipped,2923,3049,695,780,L1_baseline,C,20930517,,,0.41832043589524454,0.45144795847449565,0.0733806011465719,1540800,0.4175714285714286,0.23776941498460485
L1_baseline_07.txt,7000,200,20,10,20000,3,22338900,-17664900,0.0253064632415771,True,-18723300,0.2227334976196289,True,1858800.0,1.1270647048950195,ok,,,skipped,2881,3052,678,758,L1_baseline,C,20930518,,,0.4195343020332383,0.4422776911076443,0.051423324150596875,1058400,0.4115714285714286,0.2353349531412704
L1_baseline_08.txt,7000,200,20,10,20000,3,22449900,-17616000,0.0267539024353027,True,-18898800,0.2272329330444336,True,1768200.0,1.0430021286010742,ok,,,skipped,2893,3018,656,740,L1_baseline,C,20930519,,,0.4153638467472358,0.4428516328104911,0.06206996661344172,1282800,0.4132857142857143,0.2267542343587971
L1_baseline_09.txt,7000,200,20,10,20000,3,22336400,-17611900,0.0239033699035644,True,-18573400,0.2326860427856445,True,1699100.0,1.065338373184204,ok,,,skipped,2879,3003,694,768,L1_baseline,C,20930520,,,0.4164375408383094,0.43717208050565104,0.047428782833888274,961500,0.4112857142857143,0.24105592219520666
L1_baseline_10.txt,7000,200,20,10,20000,3,22107900,-17304900,0.0254683494567871,True,-18196800,0.2257533073425293,True,2240400.0,1.091560125350952,ok,,,skipped,2840,2973,727,753,L1_baseline,C,20930521,,,0.4207253283738231,0.43992405749932195,0.04364100757442311,891900,0.4057142857142857,0.25598591549295774
L1_baseline_11.txt,7000,200,20,10,20000,3,22729100,-18363400,0.0273151397705078,True,-19618900,0.2579472064971924,True,1057100.0,1.107520580291748,ok,,,skipped,2886,3045,658,767,L1_baseline,C,20930522,,,0.41750778776015635,0.44449890681130727,0.0607225769007545,1255500,0.4122857142857143,0.227997227997228
L1_baseline_12.txt,7000,200,20,10,20000,3,22529000,-17962600,0.0244455337524414,True,-18721000,0.2442576885223388,True,1409000.0,1.0674259662628174,ok,,,skipped,2904,3030,692,742,L1_baseline,C,20930523,,,0.4168894053844664,0.4332106656336755,0.03767511177347243,758400,0.41485714285714287,0.23829201101928374
L1_baseline_13.txt,7000,200,20,10,20000,3,22886900,-19050100,0.0256638526916503,True,-19913500,0.2840847969055176,True,817100.0,1.1610610485076904,ok,,,skipped,2901,3001,677,722,L1_baseline,C,20930524,,,0.4264180344230311,0.4449495502340586,0.041648577465196374,863400,0.4144285714285714,0.2333678042054464
L1_baseline_14.txt,7000,200,20,10,20000,3,22587500,-18166600,0.0275468826293945,True,-19295500,0.2238469123840332,True,1519100.0000000077,1.117913007736206,ok,,,skipped,2883,3006,708,764,L1_baseline,C,20930525,,,0.4215885947046844,0.44576509666103437,0.05423596898330977,1128900,0.41185714285714287,0.24557752341311134
L2_skewed_levels_00.txt,7000,200,20,10,20000,3,17833100,-11124400,0.0263679027557373,True,-12182200,0.2415087223052978,True,4390400.0,0.1925954818725586,ok,,,skipped,2879,3055,1146,1250,L2_skewed_levels,C,20931511,,,0.3873219394556702,0.4137295726546936,0.06382824662394555,1057800,0.4112857142857143,0.3980548801667246
L2_skewed_levels_01.txt,7000,200,20,10,20000,3,17664700,-10660700,0.0272910594940185,True,-11683700,0.2449634075164795,True,4996300.0,0.2054939270019531,ok,,,skipped,2889,3062,1141,1266,L2_skewed_levels,C,20931512,,,0.38826356393069433,0.4136320014283695,0.061330935251798564,1023000,0.4127142857142857,0.39494634821737623
L2_skewed_levels_02.txt,7000,200,20,10,20000,3,17463500,-10654600,0.0268857479095459,True,-11645800,0.2428784370422363,True,4838600.0,0.1986753940582275,ok,,,skipped,2918,3089,1222,1299,L2_skewed_levels,C,20931513,,,0.3896131329591406,0.4145391997103024,0.06012957705466987,991200,0.41685714285714287,0.4187799862919808
L2_skewed_levels_03.txt,7000,200,20,10,20000,3,17721600,-11155500,0.0289745330810546,True,-12004800,0.2522668838500976,True,4660800.0,0.1972324848175048,ok,,,skipped,2869,3036,1160,1204,L2_skewed_levels,C,20931514,,,0.3943821065230401,0.4155595451825254,0.05096126152073733,849300,0.40985714285714286,0.40432206343673754
L2_skewed_levels_04.txt,7000,200,20,10,20000,3,17504200,-10602500,0.0284056663513183,True,-11727500,0.2450604438781738,True,4806400.0,0.1888484954833984,ok,,,skipped,2936,3070,1195,1281,L2_skewed_levels,C,20931515,,,0.38701437656348897,0.4152702010307725,0.06804202275325241,1125000,0.41942857142857143,0.40701634877384196
L2_skewed_levels_05.txt,7000,200,20,10,20000,3,17575600,-10860200,0.0273940563201904,True,-11949200,0.245004653930664,True,5009200.0,0.1865248680114746,ok,,,skipped,2915,3071,1148,1286,L2_skewed_levels,C,20931516,,,0.39515044670869814,0.42226671049093134,0.064215963770167,1089000,0.4164285714285714,0.39382504288164666
L2_skewed_levels_06.txt,7000,200,20,10,20000,3,17523200,-10873900,0.0271182060241699,True,-11971000,0.3229415416717529,True,4779800.0,0.1868519783020019,ok,,,skipped,2889,3045,1197,1245,L2_skewed_levels,C,20931517,,,0.39305030356900733,0.4205974961206442,0.06549537932516655,1097100,0.4127142857142857,0.4143302180685358
L2_skewed_levels_07.txt,7000,200,20,10,20000,3,17457100,-10432100,0.029599905014038,True,-11379500,0.2387194633483886,True,5185300.0,0.2120373249053955,ok,,,skipped,2940,3078,1208,1226,L2_skewed_levels,C,20931518,,,0.38946620282048405,0.41309243257397227,0.057193567082005216,947400,0.42,0.4108843537414966
L2_skewed_levels_08.txt,7000,200,20,10,20000,3,17320000,-10201400,0.0262622833251953,True,-11359700,0.2394711971282959,True,5228500.0,0.187204360961914,ok,,,skipped,2936,3078,1208,1267,L2_skewed_levels,C,20931519,,,0.38701982768350957,0.41607283945972384,0.06982674431222194,1158300,0.41942857142857143,0.4114441416893733
L2_skewed_levels_09.txt,7000,200,20,10,20000,3,17738900,-10750600,0.0279035568237304,True,-12006100,0.2376203536987304,True,4733900.0,0.2061152458190918,ok,,,skipped,2905,3051,1198,1244,L2_skewed_levels,C,20931520,,,0.3850744932445035,0.41629674945351725,0.075,1255500,0.415,0.4123924268502582
L2_skewed_levels_10.txt,7000,200,20,10,20000,3,17743900,-11147600,0.026658296585083,True,-12239900,0.2611472606658935,True,4603900.0,0.2208034992218017,ok,,,skipped,2923,3078,1204,1274,L2_skewed_levels,C,20931521,,,0.39288680699496403,0.4201318477390582,0.06484878709079898,1092300,0.4175714285714286,0.4119055764625385
L2_skewed_levels_11.txt,7000,200,20,10,20000,3,17231700,-10034400,0.0260016918182373,True,-11187000,0.2430996894836425,True,5336400.0,0.2055091857910156,ok,,,skipped,2949,3089,1184,1266,L2_skewed_levels,C,20931522,,,0.38620294574344594,0.41516289026578024,0.06975561930353318,1152600,0.42128571428571426,0.40149203119701593
L2_skewed_levels_12.txt,7000,200,20,10,20000,3,17450900,-10477900,0.0271666049957275,True,-11468500,0.2510099411010742,True,4569800.0,0.2139129638671875,ok,,,skipped,2894,3060,1190,1255,L2_skewed_levels,C,20931523,,,0.38122852886632413,0.40632505396284924,0.061764650866987146,990600,0.4134285714285714,0.41119557705597787
L2_skewed_levels_13.txt,7000,200,20,10,20000,3,17862400,-11123900,0.0295085906982421,True,-12154700,0.2417702674865722,True,4530700.0,0.2274596691131591,ok,,,skipped,2869,3033,1146,1259,L2_skewed_levels,C,20931524,,,0.3888810224689794,0.41448746134068637,0.061778560897551155,1030800,0.40985714285714286,0.3994423143952597
L2_skewed_levels_14.txt,7000,200,20,10,20000,3,17320800,-10564500,0.0275940895080566,True,-11416500,0.2497730255126953,True,4665450.0,0.2117981910705566,ok,,,skipped,2892,3053,1240,1299,L2_skewed_levels,C,20931525,,,0.38746102798352966,0.4091365289432812,0.052978649977148295,852000,0.41314285714285715,0.4287690179806362
L3_imbalanced_flow_00.txt,7000,200,20,10,20000,3,22461300,-21221400,0.0370683670043945,True,-23618100,0.2461202144622802,True,1849050.0,1.213019847869873,ok,,,skipped,2462,2413,463,492,L3_imbalanced_flow,C,20932511,,,0.4932571333275606,0.5444997129671499,0.09410947043544331,2396700,0.3517142857142857,0.18805848903330624
L3_imbalanced_flow_01.txt,7000,200,20,10,20000,3,22520500,-21821900,0.0397953987121582,True,-23077400,0.2575876712799072,True,1358050.0,1.0048606395721436,ok,,,skipped,2417,2446,442,475,L3_imbalanced_flow,C,20932512,,,0.4995781163622962,0.5266368600219186,0.05138026923997716,1255500,0.3452857142857143,0.18287132809267687
L3_imbalanced_flow_02.txt,7000,200,20,10,20000,3,22375200,-20892000,0.0406100749969482,True,-23014200,0.2433338165283203,True,1507650.0,1.097686529159546,ok,,,skipped,2458,2419,435,446,L3_imbalanced_flow,C,20932513,,,0.48423247413152953,0.5301098943859501,0.08654322573541556,2122200,0.35114285714285715,0.17697314890154597
L3_imbalanced_flow_03.txt,7000,200,20,10,20000,3,21995700,-21054600,0.0495109558105468,True,-22452300,0.2394397258758545,True,2657580.0,1.1944055557250977,ok,,,skipped,2484,2483,415,446,L3_imbalanced_flow,C,20932514,,,0.5083107926475563,0.5382728625577665,0.055663348450888654,1397700,0.35485714285714287,0.16706924315619967
L3_imbalanced_flow_04.txt,7000,200,20,10,20000,3,22422700,-21787100,0.0388150215148925,True,-23059700,0.2575433254241943,True,1744900.0,1.1083285808563232,ok,,,skipped,2385,2434,432,458,L3_imbalanced_flow,C,20932515,,,0.5050836762158647,0.532398374768997,0.051304999879054694,1272600,0.3407142857142857,0.1811320754716981
L3_imbalanced_flow_05.txt,7000,200,20,10,20000,3,22622700,-21853500,0.02614426612854,True,-22977600,0.2361247539520263,True,1375800.0,1.0124106407165527,ok,,,skipped,2400,2424,429,449,L3_imbalanced_flow,C,20932516,,,0.49825615814264756,0.522367506627886,0.046157826011973685,1124100,0.34285714285714286,0.17875
L3_imbalanced_flow_06.txt,7000,200,20,10,20000,3,22633500,-21947100,0.0266413688659667,True,-23063400,0.3080248832702636,True,1246800.0,0.9613447189331056,ok,,,skipped,2386,2476,420,465,L3_imbalanced_flow,C,20932517,,,0.4986455632521961,0.522644892483521,0.045918996964237235,1116300,0.34085714285714286,0.1760268231349539
L3_imbalanced_flow_07.txt,7000,200,20,10,20000,3,22530900,-21830100,0.0289082527160644,True,-22785600,0.2486903667449951,True,1563600.0,1.3149611949920654,ok,,,skipped,2436,2482,434,475,L3_imbalanced_flow,C,20932518,,,0.5017372505115237,0.5222303722863504,0.03924153565620226,955500,0.348,0.1781609195402299
L3_imbalanced_flow_08.txt,7000,200,20,10,20000,3,22453300,-22273700,0.0251257419586181,True,-23734400,0.2526731491088867,True,1630300.0,1.0692298412322998,ok,,,skipped,2391,2374,397,402,L3_imbalanced_flow,C,20932519,,,0.5136569045209286,0.5450448998536646,0.05758790760387467,1460700,0.3415714285714286,0.16603931409452113
L3_imbalanced_flow_09.txt,7000,200,20,10,20000,3,22345200,-21426300,0.0248334407806396,True,-23048400,0.2699158191680908,True,1621500.0,1.0248355865478516,ok,,,skipped,2406,2464,429,467,L3_imbalanced_flow,C,20932520,,,0.4976647470736463,0.5326903020605935,0.06575219194240754,1622100,0.3437142857142857,0.17830423940149626
L3_imbalanced_flow_10.txt,7000,200,20,10,20000,3,22241500,-20983400,0.0241413116455078,True,-22241300,0.2688519954681396,True,1765000.0,1.1568875312805176,ok,,,skipped,2456,2485,430,456,L3_imbalanced_flow,C,20932521,,,0.4918785677218474,0.5190775817332641,0.05239874532935104,1257900,0.35085714285714287,0.1750814332247557
L3_imbalanced_flow_11.txt,7000,200,20,10,20000,3,22678400,-21999700,0.0251102447509765,True,-23323000,0.2402877807617187,True,1294100.0,0.9537034034729004,ok,,,skipped,2427,2453,423,429,L3_imbalanced_flow,C,20932522,,,0.4993215564973023,0.5276875687285776,0.053755316426386535,1323300,0.3467142857142857,0.17428924598269468
L3_imbalanced_flow_12.txt,7000,200,20,10,20000,3,22340500,-21210500,0.0270211696624755,True,-22708100,0.2523412704467773,True,2025100.0,1.004148006439209,ok,,,skipped,2382,2397,438,470,L3_imbalanced_flow,C,20932523,,,0.49748533917411214,0.5295496733831341,0.06055019164523798,1497600,0.3402857142857143,0.18387909319899245
L3_imbalanced_flow_13.txt,7000,200,20,10,20000,3,22169900,-21960100,0.1024107933044433,True,-23158000,0.2531158924102783,True,2208200.0,1.0731141567230225,ok,,,skipped,2432,2465,459,480,L3_imbalanced_flow,C,20932524,,,0.5192124258829596,0.5449471513276618,0.047224259053386,1197900,0.3474285714285714,0.18873355263157895
L3_imbalanced_flow_14.txt,7000,200,20,10,20000,3,22598500,-22427300,0.0246779918670654,True,-23753600,0.2487800121307373,True,1346300.0,1.170851469039917,ok,,,skipped,2398,2432,453,462,L3_imbalanced_flow,C,20932525,,,0.5107845812394051,0.5392806268571416,0.052840847971505865,1326300,0.3425714285714286,0.188907422852377
L4_high_demand_00.txt,10000,200,20,10,20000,3,32466900,-35891700,0.0392799377441406,True,-37896600,0.3866808414459228,True,-17716200.0,1.7048475742340088,ok,,,skipped,2922,3154,690,819,L4_high_demand,C,20933511,,,0.3849306190911863,0.42739148114262476,0.09934887316406017,2004900,0.2922,0.23613963039014374
L4_high_demand_01.txt,10000,200,20,10,20000,3,32020300,-35591600,0.0400750637054443,True,-36956000,0.3767540454864502,True,-16950500.0,1.3373899459838867,ok,,,skipped,2944,3182,748,827,L4_high_demand,C,20933512,,,0.3958602763638217,0.424834519357572,0.06820124465771912,1364400,0.2944,0.25407608695652173
L4_high_demand_02.txt,10000,200,20,10,20000,3,32568100,-36532400,0.0500345230102539,True,-38349200,0.367525577545166,True,-17914400.0,1.6376183032989502,ok,,,skipped,2968,3219,710,849,L4_high_demand,C,20933513,,,0.39426705462307665,0.43274081038842227,0.0889071583768865,1816800,0.2968,0.23921832884097036
L4_high_demand_03.txt,10000,200,20,10,20000,3,32129700,-35594700,0.0386240482330322,True,-37382700,0.3922514915466308,True,-17058900.0,1.5282320976257324,ok,,,skipped,2901,3180,719,863,L4_high_demand,C,20933514,,,0.39270346712428894,0.43058442177519307,0.08797567384052195,1788000,0.2901,0.24784557049293346
L4_high_demand_04.txt,10000,200,20,10,20000,3,32049100,-35362700,0.0579104423522949,True,-37023200,0.3749175071716308,True,-16821200.0,1.341604709625244,ok,,,skipped,2964,3198,747,858,L4_high_demand,C,20933515,,,0.39218859064661465,0.4273113776254838,0.0821948321948322,1660500,0.2964,0.2520242914979757
L4_high_demand_05.txt,10000,200,20,10,20000,3,31682100,-34827000,0.0387296676635742,True,-36575100,0.3601515293121338,True,-16227300.0,1.1851694583892822,ok,,,skipped,2977,3205,754,910,L4_high_demand,C,20933516,,,0.3945889526040109,0.43167454796560656,0.08591100757821485,1748100,0.2977,0.25327510917030566
L4_high_demand_06.txt,10000,200,20,10,20000,3,31843300,-34561400,0.0410566329956054,True,-36571400,0.3704502582550049,True,-16528700.0,1.3685729503631592,ok,,,skipped,2932,3244,723,854,L4_high_demand,C,20933517,,,0.38238980107256687,0.4250125641727049,0.10028588962564924,2010000,0.2932,0.2465893587994543
L4_high_demand_07.txt,10000,200,20,10,20000,3,31704200,-35110000,0.052417516708374,True,-36910600,0.3704113960266113,True,-16279300.0,1.4667928218841553,ok,,,skipped,2964,3243,739,904,L4_high_demand,C,20933518,,,0.399555688523651,0.43776138309452123,0.08727515958761688,1800600,0.2964,0.24932523616734142
L4_high_demand_08.txt,10000,200,20,10,20000,3,31648700,-34874200,0.0379993915557861,True,-36583900,0.3672623634338379,True,-15968500.0,1.30814790725708,ok,,,skipped,2999,3222,742,905,L4_high_demand,C,20933519,,,0.3994536107959408,0.43557741675804845,0.08293314706481562,1709700,0.2999,0.2474158052684228
L4_high_demand_09.txt,10000,200,20,10,20000,3,32521600,-36584000,0.0391662120819091,True,-38164400,0.3663828372955322,True,-17794700.0,1.5493168830871582,ok,,,skipped,2954,3187,737,873,L4_high_demand,C,20933520,,,0.39766976729419984,0.4311184482047049,0.07758582600627402,1580400,0.2954,0.24949221394719026
L4_high_demand_10.txt,10000,200,20,10,20000,3,32700300,-36689700,0.0575261116027832,True,-38403000,0.3713314533233642,True,-18219900.0,1.8398709297180176,ok,,,skipped,2959,3175,726,874,L4_high_demand,C,20933521,,,0.3914693932052725,0.42778297057907155,0.08488785171752605,1713300,0.2959,0.24535315985130113
L4_high_demand_11.txt,10000,200,20,10,20000,3,31747600,-34636100,0.0440795421600341,True,-36514100,0.379033088684082,True,-16219400.0,1.467944860458374,ok,,,skipped,2956,3214,725,864,L4_high_demand,C,20933522,,,0.389558717144924,0.4292830581396825,0.09253647504028145,1878000,0.2956,0.24526387009472259
L4_high_demand_12.txt,10000,200,20,10,20000,3,31881300,-34958700,0.0390262603759765,True,-36857400,0.3609955310821533,True,-16732800.0,1.412210464477539,ok,,,skipped,2902,3182,699,848,L4_high_demand,C,20933523,,,0.3875393899187324,0.4279116645190921,0.09434721683909246,1898700,0.2902,0.24086836664369402
L4_high_demand_13.txt,10000,200,20,10,20000,3,32853700,-36552200,0.0527377128601074,True,-38156600,0.4252004623413086,True,-18435800.0,1.483161687850952,ok,,,skipped,2899,3130,697,855,L4_high_demand,C,20933524,,,0.38324067727768896,0.41718071738633766,0.08135572593403918,1604400,0.2899,0.2404277337012763
L4_high_demand_14.txt,10000,200,20,10,20000,3,32516600,-36215500,0.0369999408721923,True,-37829800,0.3740031719207763,True,-17817100.0,1.4882912635803225,ok,,,skipped,2958,3190,725,850,L4_high_demand,C,20933525,,,0.38966369522260413,0.42385330427544843,0.08066377850065208,1614300,0.2958,0.24509803921568626
